system:index,predicted,site_code,.geo
000000000000000000ea,8.312394280000001,nonveg_1794,"{""type"":""MultiPoint"",""coordinates"":[]}"
00000000000000000090,30.589899999999997,nonveg_1677,"{""type"":""MultiPoint"",""coordinates"":[]}"
0000000000000000013c,30.589899999999997,nonveg_1677,"{""type"":""MultiPoint"",""coordinates"":[]}"
000000000000000000ce,44.72377163999998,USA.NorthSlope.Barrow,"{""type"":""MultiPoint"",""coordinates"":[]}"
0000000000000000002f,165.3880460000002,USA.BrooksRange.6,"{""type"":""MultiPoint"",""coordinates"":[]}"
00000000000000000164,182.7967020000001,USA.BrooksRange.7,"{""type"":""MultiPoint"",""coordinates"":[]}"
0000000000000000019e,20.324814739999997,nonveg_1132,"{""type"":""MultiPoint"",""coordinates"":[]}"
0000000000000000014c,24.350792820000038,USA.NorthSlope.13,"{""type"":""MultiPoint"",""coordinates"":[]}"
00000000000000000198,608.1641920000002,USA.InteriorAlaska.21,"{""type"":""MultiPoint"",""coordinates"":[]}"
00000000000000000015,589.7885160000046,USA.NorthSlope.HoweIsland-C13,"{""type"":""MultiPoint"",""coordinates"":[]}"
0000000000000000004f,589.7885160000046,USA.NorthSlope.HoweIsland-C13,"{""type"":""MultiPoint"",""coordinates"":[]}"
0000000000000000013a,589.7885160000046,USA.NorthSlope.HoweIsland-C13,"{""type"":""MultiPoint"",""coordinates"":[]}"
00000000000000000050,2429.314186599999,USA.InteriorAlaska.17,"{""type"":""MultiPoint"",""coordinates"":[]}"
00000000000000000054,66.00295620000004,Canada.Yukon.WHEATEAR,"{""type"":""MultiPoint"",""coordinates"":[]}"
00000000000000000171,1676.7921513999995,USA.InteriorAlaska.22,"{""type"":""MultiPoint"",""coordinates"":[]}"
00000000000000000080,940.3598380000002,USA.InteriorAlaska.23,"{""type"":""MultiPoint"",""coordinates"":[]}"
000000000000000001a3,940.3598380000002,USA.InteriorAlaska.23,"{""type"":""MultiPoint"",""coordinates"":[]}"
00000000000000000042,75.6792426,USA.InteriorAlaska.FRYINGPAN,"{""type"":""MultiPoint"",""coordinates"":[]}"
0000000000000000008a,208.87628000000035,Canada.Yukon.SOUTHSTONEBOY,"{""type"":""MultiPoint"",""coordinates"":[]}"
00000000000000000100,208.87628000000035,Canada.Yukon.SOUTHSTONEBOY,"{""type"":""MultiPoint"",""coordinates"":[]}"
000000000000000000b7,356.91767400000117,Canada.Yukon.SCHAR,"{""type"":""MultiPoint"",""coordinates"":[]}"
00000000000000000119,356.91767400000117,Canada.Yukon.SCHAR,"{""type"":""MultiPoint"",""coordinates"":[]}"
00000000000000000009,0.0,nonveg_1968,"{""type"":""MultiPoint"",""coordinates"":[]}"
00000000000000000099,0.0,nonveg_1968,"{""type"":""MultiPoint"",""coordinates"":[]}"
0000000000000000011b,82.70391600000008,USA.InteriorAlaska.AMSUMMIT,"{""type"":""MultiPoint"",""coordinates"":[]}"
0000000000000000016c,82.70391600000008,USA.InteriorAlaska.AMSUMMIT,"{""type"":""MultiPoint"",""coordinates"":[]}"
0000000000000000018e,54.49230200000005,Canada.Yukon.TOWYK,"{""type"":""MultiPoint"",""coordinates"":[]}"
000000000000000000fc,82.2562388,nonveg_647,"{""type"":""MultiPoint"",""coordinates"":[]}"
00000000000000000150,82.2562388,nonveg_647,"{""type"":""MultiPoint"",""coordinates"":[]}"
00000000000000000147,179.9276199999996,Canada.KluaneLake.Quill-MixedTundra,"{""type"":""MultiPoint"",""coordinates"":[]}"
0000000000000000018b,179.9276199999996,Canada.KluaneLake.Quill-MixedTundra,"{""type"":""MultiPoint"",""coordinates"":[]}"
000000000000000001d0,197.9829200000001,USA.InteriorAlaska.EXCELSIOR,"{""type"":""MultiPoint"",""coordinates"":[]}"
000000000000000000ba,153.48325999999994,USA.InteriorAlaska.LOWERQUARRY,"{""type"":""MultiPoint"",""coordinates"":[]}"
00000000000000000166,151.87559000000013,Canada.Yukon.UPPERQUARRY,"{""type"":""MultiPoint"",""coordinates"":[]}"
00000000000000000039,1.1992724,nonveg_1469,"{""type"":""MultiPoint"",""coordinates"":[]}"
0000000000000000013b,1.1992724,nonveg_1469,"{""type"":""MultiPoint"",""coordinates"":[]}"
000000000000000000ef,1.7873252799999997,nonveg_507,"{""type"":""MultiPoint"",""coordinates"":[]}"
000000000000000000f5,1.7873252799999997,nonveg_507,"{""type"":""MultiPoint"",""coordinates"":[]}"
00000000000000000037,7.027544000000001,nonveg_1797,"{""type"":""MultiPoint"",""coordinates"":[]}"
00000000000000000127,7.027544000000001,nonveg_1797,"{""type"":""MultiPoint"",""coordinates"":[]}"
0000000000000000017f,0.614,nonveg_775,"{""type"":""MultiPoint"",""coordinates"":[]}"
00000000000000000088,33.06683621999994,Canada.BanksIsland.GreenCabin-C00,"{""type"":""MultiPoint"",""coordinates"":[]}"
00000000000000000162,33.06683621999994,Canada.BanksIsland.GreenCabin-C00,"{""type"":""MultiPoint"",""coordinates"":[]}"
00000000000000000197,59.147962500000034,Canada.BanksIsland.GreenCabin-C08,"{""type"":""MultiPoint"",""coordinates"":[]}"
00000000000000000152,29.92664110000005,Canada.BanksIsland.GreenCabin-C07,"{""type"":""MultiPoint"",""coordinates"":[]}"
000000000000000000c5,31.781256799999955,Canada.PrincePatrickIsland.MouldBay-C06,"{""type"":""MultiPoint"",""coordinates"":[]}"
00000000000000000151,31.781256799999955,Canada.PrincePatrickIsland.MouldBay-C06,"{""type"":""MultiPoint"",""coordinates"":[]}"
0000000000000000010d,47.877341819999984,Canada.PrincePatrickIsland.MouldBay-C04,"{""type"":""MultiPoint"",""coordinates"":[]}"
000000000000000000fe,11.792834259999994,Canada.PrincePatrickIsland.MouldBay-C03,"{""type"":""MultiPoint"",""coordinates"":[]}"
00000000000000000145,11.792834259999994,Canada.PrincePatrickIsland.MouldBay-C03,"{""type"":""MultiPoint"",""coordinates"":[]}"
000000000000000001d3,26.6046414000001,Canada.PrincePatrickIsland.MouldBay-C00,"{""type"":""MultiPoint"",""coordinates"":[]}"
0000000000000000001d,0.5953999999999999,nonveg_976,"{""type"":""MultiPoint"",""coordinates"":[]}"
0000000000000000004c,0.0,nonveg_984,"{""type"":""MultiPoint"",""coordinates"":[]}"
00000000000000000161,0.0,nonveg_984,"{""type"":""MultiPoint"",""coordinates"":[]}"
000000000000000001c3,0.0,nonveg_984,"{""type"":""MultiPoint"",""coordinates"":[]}"
00000000000000000117,29.436752400000024,nonveg_733,"{""type"":""MultiPoint"",""coordinates"":[]}"
000000000000000001c7,29.436752400000024,nonveg_733,"{""type"":""MultiPoint"",""coordinates"":[]}"
0000000000000000015d,0.9734150200000001,nonveg_975,"{""type"":""MultiPoint"",""coordinates"":[]}"
00000000000000000112,0.848,nonveg_1695,"{""type"":""MultiPoint"",""coordinates"":[]}"
000000000000000000f3,6.2067606,nonveg_628,"{""type"":""MultiPoint"",""coordinates"":[]}"
00000000000000000020,0.0,nonveg_866,"{""type"":""MultiPoint"",""coordinates"":[]}"
000000000000000000c0,0.0,nonveg_866,"{""type"":""MultiPoint"",""coordinates"":[]}"
00000000000000000075,1.1238800000000002,nonveg_922,"{""type"":""MultiPoint"",""coordinates"":[]}"
00000000000000000191,0.15818000000000002,nonveg_894,"{""type"":""MultiPoint"",""coordinates"":[]}"
00000000000000000092,0.342,nonveg_897,"{""type"":""MultiPoint"",""coordinates"":[]}"
00000000000000000165,3.19121766,nonveg_663,"{""type"":""MultiPoint"",""coordinates"":[]}"
000000000000000000de,18.316969000000007,nonveg_674,"{""type"":""MultiPoint"",""coordinates"":[]}"
0000000000000000016f,18.316969000000007,nonveg_674,"{""type"":""MultiPoint"",""coordinates"":[]}"
0000000000000000009f,3.2280240000000004,nonveg_916,"{""type"":""MultiPoint"",""coordinates"":[]}"
00000000000000000106,3.2280240000000004,nonveg_916,"{""type"":""MultiPoint"",""coordinates"":[]}"
00000000000000000107,2.0230802000000008,nonveg_955,"{""type"":""MultiPoint"",""coordinates"":[]}"
00000000000000000137,0.40302,nonveg_912,"{""type"":""MultiPoint"",""coordinates"":[]}"
0000000000000000001c,7.47093282,nonveg_882,"{""type"":""MultiPoint"",""coordinates"":[]}"
000000000000000001a6,7.47093282,nonveg_882,"{""type"":""MultiPoint"",""coordinates"":[]}"
000000000000000000e4,1.32672,nonveg_688,"{""type"":""MultiPoint"",""coordinates"":[]}"
00000000000000000129,0.0,nonveg_936,"{""type"":""MultiPoint"",""coordinates"":[]}"
000000000000000001cb,1.1531550200000003,nonveg_809,"{""type"":""MultiPoint"",""coordinates"":[]}"
00000000000000000010,0.14132000000000003,nonveg_583,"{""type"":""MultiPoint"",""coordinates"":[]}"
00000000000000000064,0.14132000000000003,nonveg_583,"{""type"":""MultiPoint"",""coordinates"":[]}"
00000000000000000190,0.14132000000000003,nonveg_583,"{""type"":""MultiPoint"",""coordinates"":[]}"
00000000000000000193,0.14132000000000003,nonveg_583,"{""type"":""MultiPoint"",""coordinates"":[]}"
00000000000000000016,8.061000000000002,nonveg_693,"{""type"":""MultiPoint"",""coordinates"":[]}"
0000000000000000000d,2.17906002,nonveg_913,"{""type"":""MultiPoint"",""coordinates"":[]}"
00000000000000000031,17.570143999999996,nonveg_715,"{""type"":""MultiPoint"",""coordinates"":[]}"
000000000000000001af,17.570143999999996,nonveg_715,"{""type"":""MultiPoint"",""coordinates"":[]}"
00000000000000000003,5.330430879999999,nonveg_863,"{""type"":""MultiPoint"",""coordinates"":[]}"
000000000000000000bd,5.330430879999999,nonveg_863,"{""type"":""MultiPoint"",""coordinates"":[]}"
000000000000000001d5,0.6509590000000001,nonveg_540,"{""type"":""MultiPoint"",""coordinates"":[]}"
00000000000000000036,81.99164000000006,nonveg_903,"{""type"":""MultiPoint"",""coordinates"":[]}"
000000000000000000e7,8.2116,nonveg_582,"{""type"":""MultiPoint"",""coordinates"":[]}"
00000000000000000105,8.2116,nonveg_582,"{""type"":""MultiPoint"",""coordinates"":[]}"
0000000000000000001f,39.896549,nonveg_619,"{""type"":""MultiPoint"",""coordinates"":[]}"
00000000000000000113,1114.84706,Canada.LeRoyLake.TDA3,"{""type"":""MultiPoint"",""coordinates"":[]}"
00000000000000000123,1114.84706,Canada.LeRoyLake.TDA3,"{""type"":""MultiPoint"",""coordinates"":[]}"
00000000000000000128,528.5871179999995,Canada.LeRoyLake.TD4,"{""type"":""MultiPoint"",""coordinates"":[]}"
000000000000000001a0,528.5871179999995,Canada.LeRoyLake.TD4,"{""type"":""MultiPoint"",""coordinates"":[]}"
00000000000000000091,403.8621452000008,Canada.LeRoyLake.TD7,"{""type"":""MultiPoint"",""coordinates"":[]}"
0000000000000000006b,895.7141999999997,Canada.LeRoyLake.TDA6,"{""type"":""MultiPoint"",""coordinates"":[]}"
000000000000000000ed,895.7141999999997,Canada.LeRoyLake.TDA6,"{""type"":""MultiPoint"",""coordinates"":[]}"
000000000000000000bb,1574.9303265999995,Canada.ClearwaterLake.AB1,"{""type"":""MultiPoint"",""coordinates"":[]}"
000000000000000001cc,1106.6253219999994,Canada.ClearwaterLake.AB3,"{""type"":""MultiPoint"",""coordinates"":[]}"
0000000000000000003f,374.76058019999925,Canada.ClearwaterLake.LS1,"{""type"":""MultiPoint"",""coordinates"":[]}"
00000000000000000028,1002.6317339999998,Canada.ClearwaterLake.AB2,"{""type"":""MultiPoint"",""coordinates"":[]}"
000000000000000000a8,1002.6317339999998,Canada.ClearwaterLake.AB2,"{""type"":""MultiPoint"",""coordinates"":[]}"
0000000000000000007a,3.716372,nonveg_822,"{""type"":""MultiPoint"",""coordinates"":[]}"
000000000000000000aa,3.716372,nonveg_822,"{""type"":""MultiPoint"",""coordinates"":[]}"
0000000000000000014f,6.34282,nonveg_673,"{""type"":""MultiPoint"",""coordinates"":[]}"
000000000000000001cf,6.34282,nonveg_673,"{""type"":""MultiPoint"",""coordinates"":[]}"
00000000000000000004,0.0,nonveg_995,"{""type"":""MultiPoint"",""coordinates"":[]}"
00000000000000000046,0.0,nonveg_995,"{""type"":""MultiPoint"",""coordinates"":[]}"
0000000000000000017b,0.0,nonveg_995,"{""type"":""MultiPoint"",""coordinates"":[]}"
0000000000000000019c,0.0,nonveg_907,"{""type"":""MultiPoint"",""coordinates"":[]}"
000000000000000001c8,0.0,nonveg_907,"{""type"":""MultiPoint"",""coordinates"":[]}"
00000000000000000159,369.528504,Sweden.Abisko.KJ-MesicHeath,"{""type"":""MultiPoint"",""coordinates"":[]}"
00000000000000000026,1.6492748000000002,nonveg_807,"{""type"":""MultiPoint"",""coordinates"":[]}"
0000000000000000014d,1.6492748000000002,nonveg_807,"{""type"":""MultiPoint"",""coordinates"":[]}"
00000000000000000103,355.2746959999994,Sweden.Abisko.VJ-DryHeath,"{""type"":""MultiPoint"",""coordinates"":[]}"
000000000000000001b5,588.3075200000013,Sweden.Abisko.VJ-MesicHeath,"{""type"":""MultiPoint"",""coordinates"":[]}"
00000000000000000001,687.932859999998,Sweden.Abisko.VJ-BirchShrub,"{""type"":""MultiPoint"",""coordinates"":[]}"
00000000000000000179,687.932859999998,Sweden.Abisko.VJ-BirchShrub,"{""type"":""MultiPoint"",""coordinates"":[]}"
0000000000000000007b,1032.3753839999972,Sweden.Abisko.VJ-SalixShrub,"{""type"":""MultiPoint"",""coordinates"":[]}"
0000000000000000003a,175.7158599999999,Sweden.Abisko.NF-DryHeath,"{""type"":""MultiPoint"",""coordinates"":[]}"
000000000000000000d0,175.7158599999999,Sweden.Abisko.NF-DryHeath,"{""type"":""MultiPoint"",""coordinates"":[]}"
0000000000000000017d,193.6331600000003,Sweden.Abisko.NF-SeasonallyFlooded,"{""type"":""MultiPoint"",""coordinates"":[]}"
0000000000000000019a,193.6331600000003,Sweden.Abisko.NF-SeasonallyFlooded,"{""type"":""MultiPoint"",""coordinates"":[]}"
00000000000000000173,194.15627399999997,Sweden.Abisko.NF-Wetland,"{""type"":""MultiPoint"",""coordinates"":[]}"
00000000000000000189,194.15627399999997,Sweden.Abisko.NF-Wetland,"{""type"":""MultiPoint"",""coordinates"":[]}"
00000000000000000017,504.391527999999,Sweden.Abisko.NT-MesicHeath,"{""type"":""MultiPoint"",""coordinates"":[]}"
00000000000000000086,1013.3765600000002,Sweden.Abisko.NT-BirchShrub,"{""type"":""MultiPoint"",""coordinates"":[]}"
00000000000000000175,1013.3765600000002,Sweden.Abisko.NT-BirchShrub,"{""type"":""MultiPoint"",""coordinates"":[]}"
000000000000000001b1,1013.3765600000002,Sweden.Abisko.NT-BirchShrub,"{""type"":""MultiPoint"",""coordinates"":[]}"
000000000000000001ad,375.9799400000001,Sweden.Abisko.NT-DryHeath,"{""type"":""MultiPoint"",""coordinates"":[]}"
000000000000000001bf,375.9799400000001,Sweden.Abisko.NT-DryHeath,"{""type"":""MultiPoint"",""coordinates"":[]}"
000000000000000000bc,1.0765,nonveg_1316,"{""type"":""MultiPoint"",""coordinates"":[]}"
000000000000000000df,1.0765,nonveg_1316,"{""type"":""MultiPoint"",""coordinates"":[]}"
0000000000000000010a,462.4210200000003,Finland.Kilpisjarvi.20,"{""type"":""MultiPoint"",""coordinates"":[]}"
0000000000000000001a,2.2466562199999993,nonveg_736,"{""type"":""MultiPoint"",""coordinates"":[]}"
000000000000000000ff,2.2466562199999993,nonveg_736,"{""type"":""MultiPoint"",""coordinates"":[]}"
00000000000000000025,362.0595720000011,Finland.Kilpisjarvi.18,"{""type"":""MultiPoint"",""coordinates"":[]}"
000000000000000000a7,362.0595720000011,Finland.Kilpisjarvi.18,"{""type"":""MultiPoint"",""coordinates"":[]}"
00000000000000000053,1486.0729179999998,Finland.Kilpisjarvi.17,"{""type"":""MultiPoint"",""coordinates"":[]}"
00000000000000000097,1486.0729179999998,Finland.Kilpisjarvi.17,"{""type"":""MultiPoint"",""coordinates"":[]}"
0000000000000000005c,2210.5032799999994,Finland.Kilpisjarvi.15,"{""type"":""MultiPoint"",""coordinates"":[]}"
0000000000000000013d,2210.5032799999994,Finland.Kilpisjarvi.15,"{""type"":""MultiPoint"",""coordinates"":[]}"
000000000000000001b8,2210.5032799999994,Finland.Kilpisjarvi.15,"{""type"":""MultiPoint"",""coordinates"":[]}"
00000000000000000067,243.7856638000004,Norway.Javrresduottar.A-Sphagnum,"{""type"":""MultiPoint"",""coordinates"":[]}"
000000000000000000f4,214.4561885999995,Norway.Javrresduottar.A-Sedge,"{""type"":""MultiPoint"",""coordinates"":[]}"
00000000000000000138,214.4561885999995,Norway.Javrresduottar.A-Sedge,"{""type"":""MultiPoint"",""coordinates"":[]}"
0000000000000000008e,756.7966000000032,Norway.Javrresduottar.A-Salix,"{""type"":""MultiPoint"",""coordinates"":[]}"
000000000000000000d7,756.7966000000032,Norway.Javrresduottar.A-Salix,"{""type"":""MultiPoint"",""coordinates"":[]}"
00000000000000000108,756.7966000000032,Norway.Javrresduottar.A-Salix,"{""type"":""MultiPoint"",""coordinates"":[]}"
00000000000000000153,756.7966000000032,Norway.Javrresduottar.A-Salix,"{""type"":""MultiPoint"",""coordinates"":[]}"
0000000000000000001b,87.87446480000025,Finland.Javrresduottar.A-Sphagnum,"{""type"":""MultiPoint"",""coordinates"":[]}"
000000000000000001c9,87.87446480000025,Finland.Javrresduottar.A-Sphagnum,"{""type"":""MultiPoint"",""coordinates"":[]}"
00000000000000000095,223.21123999999918,Finland.Javrresduottar.A-Hummock,"{""type"":""MultiPoint"",""coordinates"":[]}"
00000000000000000139,223.21123999999918,Finland.Javrresduottar.A-Hummock,"{""type"":""MultiPoint"",""coordinates"":[]}"
000000000000000001b6,223.21123999999918,Finland.Javrresduottar.A-Hummock,"{""type"":""MultiPoint"",""coordinates"":[]}"
0000000000000000000a,635.0586784000001,Finland.Javrresduottar.A-Betula,"{""type"":""MultiPoint"",""coordinates"":[]}"
000000000000000001be,265.3595539999997,Finland.Javrresduottar.EC-Hummock,"{""type"":""MultiPoint"",""coordinates"":[]}"
0000000000000000012e,185.6448280000002,Finland.Javrresduottar.EC-Sphagnum,"{""type"":""MultiPoint"",""coordinates"":[]}"
000000000000000000cb,169.5058579999998,Norway.Javrresduottar.EC-Sedge,"{""type"":""MultiPoint"",""coordinates"":[]}"
0000000000000000002d,740.5268399999997,Norway.Javrresduottar.EC-Salix,"{""type"":""MultiPoint"",""coordinates"":[]}"
0000000000000000010c,740.5268399999997,Norway.Javrresduottar.EC-Salix,"{""type"":""MultiPoint"",""coordinates"":[]}"
000000000000000001b4,740.5268399999997,Norway.Javrresduottar.EC-Salix,"{""type"":""MultiPoint"",""coordinates"":[]}"
000000000000000001c2,285.3667568000003,Norway.Javrresduottar.EC-Betula,"{""type"":""MultiPoint"",""coordinates"":[]}"
000000000000000000ca,271.85906800000043,Finland.Javrresduottar.EC-Salix,"{""type"":""MultiPoint"",""coordinates"":[]}"
000000000000000000b9,212.00621999999942,Finland.Kevo.12,"{""type"":""MultiPoint"",""coordinates"":[]}"
00000000000000000132,212.00621999999942,Finland.Kevo.12,"{""type"":""MultiPoint"",""coordinates"":[]}"
00000000000000000014,5928.3098,Finland.Kevo.7,"{""type"":""MultiPoint"",""coordinates"":[]}"
000000000000000000b5,5928.3098,Finland.Kevo.7,"{""type"":""MultiPoint"",""coordinates"":[]}"
0000000000000000011a,5928.3098,Finland.Kevo.7,"{""type"":""MultiPoint"",""coordinates"":[]}"
000000000000000001a5,279.6057380000005,Finland.Kevo.8,"{""type"":""MultiPoint"",""coordinates"":[]}"
00000000000000000062,3153.966,Finland.Kevo.4,"{""type"":""MultiPoint"",""coordinates"":[]}"
000000000000000000f7,3153.966,Finland.Kevo.4,"{""type"":""MultiPoint"",""coordinates"":[]}"
0000000000000000006a,2221.9348,Finland.Kevo.9,"{""type"":""MultiPoint"",""coordinates"":[]}"
00000000000000000044,5426.812126,Finland.Kevo.6,"{""type"":""MultiPoint"",""coordinates"":[]}"
00000000000000000049,5426.812126,Finland.Kevo.6,"{""type"":""MultiPoint"",""coordinates"":[]}"
00000000000000000196,5426.812126,Finland.Kevo.6,"{""type"":""MultiPoint"",""coordinates"":[]}"
000000000000000001b0,3349.7783999999997,Finland.Kevo.14,"{""type"":""MultiPoint"",""coordinates"":[]}"
0000000000000000004a,999.2630999999999,Finland.Kevo.5,"{""type"":""MultiPoint"",""coordinates"":[]}"
0000000000000000006d,999.2630999999999,Finland.Kevo.5,"{""type"":""MultiPoint"",""coordinates"":[]}"
0000000000000000016d,999.2630999999999,Finland.Kevo.5,"{""type"":""MultiPoint"",""coordinates"":[]}"
00000000000000000143,2472.8306,Finland.Kevo.11,"{""type"":""MultiPoint"",""coordinates"":[]}"
00000000000000000077,75.1828342000001,Russia.Yamal.Kharasavey-1,"{""type"":""MultiPoint"",""coordinates"":[]}"
000000000000000001b3,106.32945,Russia.Yamal.OstrovBelyy-1,"{""type"":""MultiPoint"",""coordinates"":[]}"
00000000000000000060,94.65214800000003,Russia.Yamal.Nadym-2-IH,"{""type"":""MultiPoint"",""coordinates"":[]}"
00000000000000000124,656.7279500000002,Russia.Yamal.Nadym-2-H,"{""type"":""MultiPoint"",""coordinates"":[]}"
000000000000000001b2,656.7279500000002,Russia.Yamal.Nadym-2-H,"{""type"":""MultiPoint"",""coordinates"":[]}"
00000000000000000199,3401.461528,Russia.Yamal.Nadym-1,"{""type"":""MultiPoint"",""coordinates"":[]}"
00000000000000000115,373.22774000000015,Russia.Tazovsky.Burned28,"{""type"":""MultiPoint"",""coordinates"":[]}"
00000000000000000136,373.22774000000015,Russia.Tazovsky.Burned28,"{""type"":""MultiPoint"",""coordinates"":[]}"
00000000000000000154,172.87962999999988,Russia.Tazovsky.Burned12,"{""type"":""MultiPoint"",""coordinates"":[]}"
000000000000000000e2,330.9628599999998,Russia.Tazovsky.Burned44,"{""type"":""MultiPoint"",""coordinates"":[]}"
000000000000000001a4,330.9628599999998,Russia.Tazovsky.Burned44,"{""type"":""MultiPoint"",""coordinates"":[]}"
000000000000000001a1,30.39208182000002,nonveg_561,"{""type"":""MultiPoint"",""coordinates"":[]}"
00000000000000000007,20.65618348000001,nonveg_985,"{""type"":""MultiPoint"",""coordinates"":[]}"
0000000000000000008d,0.014240000000000001,nonveg_1509,"{""type"":""MultiPoint"",""coordinates"":[]}"
0000000000000000012a,0.014240000000000001,nonveg_1509,"{""type"":""MultiPoint"",""coordinates"":[]}"
000000000000000001d8,27.965493560000006,nonveg_851,"{""type"":""MultiPoint"",""coordinates"":[]}"
00000000000000000155,6.168696219999999,nonveg_695,"{""type"":""MultiPoint"",""coordinates"":[]}"
00000000000000000005,0.152254,nonveg_1810,"{""type"":""MultiPoint"",""coordinates"":[]}"
00000000000000000074,0.152254,nonveg_1810,"{""type"":""MultiPoint"",""coordinates"":[]}"
0000000000000000015f,0.152254,nonveg_1810,"{""type"":""MultiPoint"",""coordinates"":[]}"
000000000000000000fa,574.2457786000002,nonveg_1607,"{""type"":""MultiPoint"",""coordinates"":[]}"
0000000000000000015b,2334.4507700000004,USA.Kougaork.TallShrub,"{""type"":""MultiPoint"",""coordinates"":[]}"
000000000000000000d1,67.51482000000007,USA.SewardPeninsula.QuartzCreek2,"{""type"":""MultiPoint"",""coordinates"":[]}"
00000000000000000183,67.51482000000007,USA.SewardPeninsula.QuartzCreek2,"{""type"":""MultiPoint"",""coordinates"":[]}"
000000000000000001c4,67.51482000000007,USA.SewardPeninsula.QuartzCreek2,"{""type"":""MultiPoint"",""coordinates"":[]}"
00000000000000000041,647.7569159999998,USA.SewardPeninsula.QuartzCreek3,"{""type"":""MultiPoint"",""coordinates"":[]}"
000000000000000000cf,179.84004600000046,USA.YukonKuskokwimDelta.72B3,"{""type"":""MultiPoint"",""coordinates"":[]}"
00000000000000000047,116.9303399999996,USA.YukonKuskokwimDelta.UB6,"{""type"":""MultiPoint"",""coordinates"":[]}"
00000000000000000120,116.9303399999996,USA.YukonKuskokwimDelta.UB6,"{""type"":""MultiPoint"",""coordinates"":[]}"
000000000000000001b9,116.9303399999996,USA.YukonKuskokwimDelta.UB6,"{""type"":""MultiPoint"",""coordinates"":[]}"
0000000000000000009e,356.6458200000007,USA.YukonKuskokwimDelta.2,"{""type"":""MultiPoint"",""coordinates"":[]}"
00000000000000000058,140.38828000000007,USA.YukonKuskokwimDelta.U,"{""type"":""MultiPoint"",""coordinates"":[]}"
00000000000000000160,81.12155000000008,USA.YukonKuskokwimDelta.15B1,"{""type"":""MultiPoint"",""coordinates"":[]}"
0000000000000000010b,39.247520599999945,USA.YukonKuskokwimDelta.1,"{""type"":""MultiPoint"",""coordinates"":[]}"
000000000000000000fb,290.64033600000084,USA.YukonKuskokwimDelta.UB5,"{""type"":""MultiPoint"",""coordinates"":[]}"
000000000000000000a4,122.13974599999979,USA.YukonKuskokwimDelta.15B5,"{""type"":""MultiPoint"",""coordinates"":[]}"
00000000000000000140,122.13974599999979,USA.YukonKuskokwimDelta.15B5,"{""type"":""MultiPoint"",""coordinates"":[]}"
000000000000000000c4,83.81075899999995,USA.YukonKuskokwimDelta.15B3,"{""type"":""MultiPoint"",""coordinates"":[]}"
00000000000000000170,140.85238000000007,USA.YukonKuskokwimDelta.UB3,"{""type"":""MultiPoint"",""coordinates"":[]}"
000000000000000000a3,287.7245800000003,USA.YukonKuskokwimDelta.72B1,"{""type"":""MultiPoint"",""coordinates"":[]}"
00000000000000000181,287.7245800000003,USA.YukonKuskokwimDelta.72B1,"{""type"":""MultiPoint"",""coordinates"":[]}"
000000000000000001c6,287.7245800000003,USA.YukonKuskokwimDelta.72B1,"{""type"":""MultiPoint"",""coordinates"":[]}"
00000000000000000032,165.8235140000002,USA.YukonKuskokwimDelta.72B2,"{""type"":""MultiPoint"",""coordinates"":[]}"
0000000000000000014b,211.6476840000003,USA.YukonKuskokwimDelta.UB7,"{""type"":""MultiPoint"",""coordinates"":[]}"
00000000000000000134,46.927356000000046,USA.YukonKuskokwimDelta.15B7,"{""type"":""MultiPoint"",""coordinates"":[]}"
000000000000000000a0,127.6932880000002,USA.YukonKuskokwimDelta.6,"{""type"":""MultiPoint"",""coordinates"":[]}"
0000000000000000002a,0.0104,nonveg_721,"{""type"":""MultiPoint"",""coordinates"":[]}"
000000000000000000a9,0.0104,nonveg_721,"{""type"":""MultiPoint"",""coordinates"":[]}"
000000000000000001a8,0.0104,nonveg_721,"{""type"":""MultiPoint"",""coordinates"":[]}"
00000000000000000040,37.76179439999998,USA.NorthSlope.Atqasuk,"{""type"":""MultiPoint"",""coordinates"":[]}"
0000000000000000005d,0.11334399999999999,nonveg_1888,"{""type"":""MultiPoint"",""coordinates"":[]}"
00000000000000000069,0.11334399999999999,nonveg_1888,"{""type"":""MultiPoint"",""coordinates"":[]}"
000000000000000000b1,0.11334399999999999,nonveg_1888,"{""type"":""MultiPoint"",""coordinates"":[]}"
0000000000000000015c,47.06841440000011,USA.NorthSlope.Oumalik1,"{""type"":""MultiPoint"",""coordinates"":[]}"
0000000000000000005a,53.61713399999984,USA.NorthSlope.Oumalik2,"{""type"":""MultiPoint"",""coordinates"":[]}"
00000000000000000070,53.61713399999984,USA.NorthSlope.Oumalik2,"{""type"":""MultiPoint"",""coordinates"":[]}"
00000000000000000174,53.61713399999984,USA.NorthSlope.Oumalik2,"{""type"":""MultiPoint"",""coordinates"":[]}"
000000000000000000b8,117.97434600000024,USA.NorthSlope.Ivotuk1,"{""type"":""MultiPoint"",""coordinates"":[]}"
000000000000000000a5,23.50209999999997,USA.NorthSlope.Ivotuk3,"{""type"":""MultiPoint"",""coordinates"":[]}"
0000000000000000016b,23.50209999999997,USA.NorthSlope.Ivotuk3,"{""type"":""MultiPoint"",""coordinates"":[]}"
000000000000000001d6,23.50209999999997,USA.NorthSlope.Ivotuk3,"{""type"":""MultiPoint"",""coordinates"":[]}"
0000000000000000008f,278.79140400000085,USA.Toolik.S3,"{""type"":""MultiPoint"",""coordinates"":[]}"
00000000000000000157,278.79140400000085,USA.Toolik.S3,"{""type"":""MultiPoint"",""coordinates"":[]}"
000000000000000000c2,222.613604,USA.BrooksRange.8,"{""type"":""MultiPoint"",""coordinates"":[]}"
00000000000000000121,317.3784599999997,USA.Toolik.S1,"{""type"":""MultiPoint"",""coordinates"":[]}"
00000000000000000148,317.3784599999997,USA.Toolik.S1,"{""type"":""MultiPoint"",""coordinates"":[]}"
0000000000000000019f,53.88031500000009,USA.NorthSlope.9,"{""type"":""MultiPoint"",""coordinates"":[]}"
00000000000000000012,195.3212600000001,USA.NorthSlope.HappyValley-C18,"{""type"":""MultiPoint"",""coordinates"":[]}"
00000000000000000081,283.365752,USA.NorthSlope.HappyValley-C19,"{""type"":""MultiPoint"",""coordinates"":[]}"
00000000000000000033,231.46343800000045,USA.NorthSlope.10,"{""type"":""MultiPoint"",""coordinates"":[]}"
00000000000000000194,165.8410700000001,USA.NorthSlope.15,"{""type"":""MultiPoint"",""coordinates"":[]}"
0000000000000000007d,81.00860480000003,USA.NorthSlope.16,"{""type"":""MultiPoint"",""coordinates"":[]}"
000000000000000000e0,23.88035963999999,USA.NorthSlope.FranklinBluffs-C17,"{""type"":""MultiPoint"",""coordinates"":[]}"
000000000000000000f0,23.88035963999999,USA.NorthSlope.FranklinBluffs-C17,"{""type"":""MultiPoint"",""coordinates"":[]}"
0000000000000000006c,110.33816799999984,USA.NorthSlope.Sagwon-C18,"{""type"":""MultiPoint"",""coordinates"":[]}"
00000000000000000144,110.33816799999984,USA.NorthSlope.Sagwon-C18,"{""type"":""MultiPoint"",""coordinates"":[]}"
00000000000000000083,174.2393080000003,USA.NorthSlope.Sagwon-C19,"{""type"":""MultiPoint"",""coordinates"":[]}"
00000000000000000149,56.81638259999993,USA.NorthSlope.11,"{""type"":""MultiPoint"",""coordinates"":[]}"
00000000000000000192,82.52579800000005,USA.NorthSlope.Sagwon-C15,"{""type"":""MultiPoint"",""coordinates"":[]}"
0000000000000000016a,42.153934,USA.NorthSlope.Deadhorse-C15,"{""type"":""MultiPoint"",""coordinates"":[]}"
00000000000000000141,51.981612000000105,USA.NorthSlope.Deadhorse-C16,"{""type"":""MultiPoint"",""coordinates"":[]}"
00000000000000000131,87.85159422000008,USA.NorthSlope.14,"{""type"":""MultiPoint"",""coordinates"":[]}"
00000000000000000066,1.1976,nonveg_616,"{""type"":""MultiPoint"",""coordinates"":[]}"
00000000000000000084,1.1976,nonveg_616,"{""type"":""MultiPoint"",""coordinates"":[]}"
0000000000000000017c,207.12610999999976,USA.InteriorAlaska.CALF,"{""type"":""MultiPoint"",""coordinates"":[]}"
00000000000000000011,112.19822419999977,Canada.Yukon.SPRINGRIVER,"{""type"":""MultiPoint"",""coordinates"":[]}"
000000000000000001cd,112.19822419999977,Canada.Yukon.SPRINGRIVER,"{""type"":""MultiPoint"",""coordinates"":[]}"
00000000000000000008,378.69744259999925,USA.InteriorAlaska.BABBAGE,"{""type"":""MultiPoint"",""coordinates"":[]}"
0000000000000000002b,3.1834060800000006,nonveg_627,"{""type"":""MultiPoint"",""coordinates"":[]}"
00000000000000000065,3.1834060800000006,nonveg_627,"{""type"":""MultiPoint"",""coordinates"":[]}"
00000000000000000102,0.13342600000000002,nonveg_998,"{""type"":""MultiPoint"",""coordinates"":[]}"
00000000000000000163,0.13342600000000002,nonveg_998,"{""type"":""MultiPoint"",""coordinates"":[]}"
00000000000000000167,0.13342600000000002,nonveg_998,"{""type"":""MultiPoint"",""coordinates"":[]}"
00000000000000000035,591.3220974000003,Canada.DaringLake.Tower4-LowShrub-2,"{""type"":""MultiPoint"",""coordinates"":[]}"
000000000000000001c0,127.00447400000009,Canada.DaringLake.Tower1-SedgeHollow,"{""type"":""MultiPoint"",""coordinates"":[]}"
00000000000000000056,333.9785660000011,Canada.DaringLake.Tower1-DwarfShrub,"{""type"":""MultiPoint"",""coordinates"":[]}"
00000000000000000089,333.9785660000011,Canada.DaringLake.Tower1-DwarfShrub,"{""type"":""MultiPoint"",""coordinates"":[]}"
000000000000000000bf,237.33627599999892,Canada.DaringLake.Tower1-MixedTundra,"{""type"":""MultiPoint"",""coordinates"":[]}"
0000000000000000011e,237.33627599999892,Canada.DaringLake.Tower1-MixedTundra,"{""type"":""MultiPoint"",""coordinates"":[]}"
0000000000000000012c,237.33627599999892,Canada.DaringLake.Tower1-MixedTundra,"{""type"":""MultiPoint"",""coordinates"":[]}"
0000000000000000005e,113.03130800000021,Canada.DaringLake.Tower1-SedgeTussock,"{""type"":""MultiPoint"",""coordinates"":[]}"
00000000000000000135,113.03130800000021,Canada.DaringLake.Tower1-SedgeTussock,"{""type"":""MultiPoint"",""coordinates"":[]}"
00000000000000000116,48.796045999999876,Canada.DaringLake.Tower2-SedgeFen,"{""type"":""MultiPoint"",""coordinates"":[]}"
000000000000000001a7,48.796045999999876,Canada.DaringLake.Tower2-SedgeFen,"{""type"":""MultiPoint"",""coordinates"":[]}"
0000000000000000010e,244.29991599999943,Canada.DaringLake.LowBirch,"{""type"":""MultiPoint"",""coordinates"":[]}"
00000000000000000122,905.1582300000002,Canada.DaringLake.MediumBirch,"{""type"":""MultiPoint"",""coordinates"":[]}"
00000000000000000013,394.6942600000013,Canada.DaringLake.Tower3-DwarfShrub-2,"{""type"":""MultiPoint"",""coordinates"":[]}"
0000000000000000011f,394.6942600000013,Canada.DaringLake.Tower3-DwarfShrub-2,"{""type"":""MultiPoint"",""coordinates"":[]}"
000000000000000000e8,231.4273620000002,Canada.DaringLake.Tower3-DwarfShrub-1,"{""type"":""MultiPoint"",""coordinates"":[]}"
000000000000000000af,1.26568808,nonveg_671,"{""type"":""MultiPoint"",""coordinates"":[]}"
00000000000000000109,1.26568808,nonveg_671,"{""type"":""MultiPoint"",""coordinates"":[]}"
000000000000000000dd,0.14994746,nonveg_957,"{""type"":""MultiPoint"",""coordinates"":[]}"
000000000000000001ae,0.14994746,nonveg_957,"{""type"":""MultiPoint"",""coordinates"":[]}"
000000000000000001ca,0.14994746,nonveg_957,"{""type"":""MultiPoint"",""coordinates"":[]}"
00000000000000000018,0.0,nonveg_1646,"{""type"":""MultiPoint"",""coordinates"":[]}"
00000000000000000071,0.0,nonveg_1646,"{""type"":""MultiPoint"",""coordinates"":[]}"
00000000000000000079,0.0,nonveg_1547,"{""type"":""MultiPoint"",""coordinates"":[]}"
00000000000000000125,0.0,nonveg_1547,"{""type"":""MultiPoint"",""coordinates"":[]}"
000000000000000001bd,0.0,nonveg_1547,"{""type"":""MultiPoint"",""coordinates"":[]}"
0000000000000000018f,3.941856359999999,nonveg_996,"{""type"":""MultiPoint"",""coordinates"":[]}"
000000000000000001d1,3.941856359999999,nonveg_996,"{""type"":""MultiPoint"",""coordinates"":[]}"
00000000000000000101,35.36187621999999,nonveg_867,"{""type"":""MultiPoint"",""coordinates"":[]}"
0000000000000000012b,4.089564799999999,nonveg_600,"{""type"":""MultiPoint"",""coordinates"":[]}"
000000000000000001d2,4.089564799999999,nonveg_600,"{""type"":""MultiPoint"",""coordinates"":[]}"
00000000000000000051,16.129520759999995,nonveg_632,"{""type"":""MultiPoint"",""coordinates"":[]}"
0000000000000000014a,0.59899622,nonveg_902,"{""type"":""MultiPoint"",""coordinates"":[]}"
00000000000000000182,0.59899622,nonveg_902,"{""type"":""MultiPoint"",""coordinates"":[]}"
0000000000000000009b,239.1068599999991,Canada.Ivujivik.RTP13,"{""type"":""MultiPoint"",""coordinates"":[]}"
0000000000000000017a,239.1068599999991,Canada.Ivujivik.RTP13,"{""type"":""MultiPoint"",""coordinates"":[]}"
0000000000000000006f,317.62720000000223,Canada.Ivujivik.TP12,"{""type"":""MultiPoint"",""coordinates"":[]}"
000000000000000000ab,317.62720000000223,Canada.Ivujivik.TP12,"{""type"":""MultiPoint"",""coordinates"":[]}"
000000000000000001c1,317.62720000000223,Canada.Ivujivik.TP12,"{""type"":""MultiPoint"",""coordinates"":[]}"
000000000000000001c5,317.62720000000223,Canada.Ivujivik.TP12,"{""type"":""MultiPoint"",""coordinates"":[]}"
0000000000000000007c,176.93414000000007,Canada.Ivujivik.RTP12,"{""type"":""MultiPoint"",""coordinates"":[]}"
000000000000000000f8,52.39308822,Canada.Ivujivik.TP10,"{""type"":""MultiPoint"",""coordinates"":[]}"
00000000000000000110,67.31646800000009,Canada.ChukotkaRiver.TH5,"{""type"":""MultiPoint"",""coordinates"":[]}"
000000000000000000c6,46.09332800000009,Canada.ChukotkaRiver.TPO2,"{""type"":""MultiPoint"",""coordinates"":[]}"
000000000000000000d8,46.09332800000009,Canada.ChukotkaRiver.TPO2,"{""type"":""MultiPoint"",""coordinates"":[]}"
000000000000000001ba,59.87562579999998,Canada.ChukotkaRiver.TPO5,"{""type"":""MultiPoint"",""coordinates"":[]}"
0000000000000000004d,80.833716,Canada.ChukotkaRiver.TH1,"{""type"":""MultiPoint"",""coordinates"":[]}"
0000000000000000003b,44.970025999999976,Canada.ChukotkaRiver.TH4,"{""type"":""MultiPoint"",""coordinates"":[]}"
000000000000000000d6,44.970025999999976,Canada.ChukotkaRiver.TH4,"{""type"":""MultiPoint"",""coordinates"":[]}"
00000000000000000142,10.89916888,nonveg_612,"{""type"":""MultiPoint"",""coordinates"":[]}"
0000000000000000007f,182.44037000000012,Canada.CoutureLake.TD7,"{""type"":""MultiPoint"",""coordinates"":[]}"
00000000000000000030,478.564919999998,Canada.CoutureLake.TDA7,"{""type"":""MultiPoint"",""coordinates"":[]}"
0000000000000000018c,478.564919999998,Canada.CoutureLake.TDA7,"{""type"":""MultiPoint"",""coordinates"":[]}"
0000000000000000016e,7.53267888,nonveg_745,"{""type"":""MultiPoint"",""coordinates"":[]}"
000000000000000000b2,216.02546879999915,Canada.PayneLake.TD0,"{""type"":""MultiPoint"",""coordinates"":[]}"
000000000000000000db,216.02546879999915,Canada.PayneLake.TD0,"{""type"":""MultiPoint"",""coordinates"":[]}"
0000000000000000002c,773.2351954000004,Canada.PayneLake.TDA3,"{""type"":""MultiPoint"",""coordinates"":[]}"
00000000000000000023,997.0065699999999,Canada.DeceptionBay.BEGL3,"{""type"":""MultiPoint"",""coordinates"":[]}"
000000000000000000e3,737.0483954000014,Canada.DeceptionBay.BEGL2,"{""type"":""MultiPoint"",""coordinates"":[]}"
0000000000000000010f,737.0483954000014,Canada.DeceptionBay.BEGL2,"{""type"":""MultiPoint"",""coordinates"":[]}"
0000000000000000003d,82.64143839999991,Canada.DeceptionBay.TH8,"{""type"":""MultiPoint"",""coordinates"":[]}"
0000000000000000005f,82.64143839999991,Canada.DeceptionBay.TH8,"{""type"":""MultiPoint"",""coordinates"":[]}"
0000000000000000002e,693.9163800000023,Canada.DeceptionBay.BEGL1,"{""type"":""MultiPoint"",""coordinates"":[]}"
000000000000000000c7,693.9163800000023,Canada.DeceptionBay.BEGL1,"{""type"":""MultiPoint"",""coordinates"":[]}"
00000000000000000029,60.76451200000008,Canada.DeceptionBay.TH7,"{""type"":""MultiPoint"",""coordinates"":[]}"
000000000000000001bb,60.76451200000008,Canada.DeceptionBay.TH7,"{""type"":""MultiPoint"",""coordinates"":[]}"
00000000000000000087,114.85400839999974,Canada.DeceptionBay.TH6,"{""type"":""MultiPoint"",""coordinates"":[]}"
000000000000000000be,5.81193622,nonveg_968,"{""type"":""MultiPoint"",""coordinates"":[]}"
00000000000000000172,2.9394362200000006,nonveg_979,"{""type"":""MultiPoint"",""coordinates"":[]}"
0000000000000000019b,7.632015099999999,nonveg_746,"{""type"":""MultiPoint"",""coordinates"":[]}"
000000000000000001d4,7.632015099999999,nonveg_746,"{""type"":""MultiPoint"",""coordinates"":[]}"
00000000000000000021,0.51112,nonveg_576,"{""type"":""MultiPoint"",""coordinates"":[]}"
00000000000000000045,0.51112,nonveg_576,"{""type"":""MultiPoint"",""coordinates"":[]}"
00000000000000000048,0.51112,nonveg_576,"{""type"":""MultiPoint"",""coordinates"":[]}"
0000000000000000008c,0.51112,nonveg_576,"{""type"":""MultiPoint"",""coordinates"":[]}"
0000000000000000004e,1.89974742,nonveg_1736,"{""type"":""MultiPoint"",""coordinates"":[]}"
00000000000000000082,1.89974742,nonveg_1736,"{""type"":""MultiPoint"",""coordinates"":[]}"
0000000000000000017e,0.09462000000000001,nonveg_1654,"{""type"":""MultiPoint"",""coordinates"":[]}"
000000000000000001ac,0.09462000000000001,nonveg_1654,"{""type"":""MultiPoint"",""coordinates"":[]}"
000000000000000000a1,0.01091622,nonveg_1889,"{""type"":""MultiPoint"",""coordinates"":[]}"
000000000000000000e9,0.01091622,nonveg_1889,"{""type"":""MultiPoint"",""coordinates"":[]}"
00000000000000000063,293.30121600000064,Russia.Yamal.Laborovaya-1,"{""type"":""MultiPoint"",""coordinates"":[]}"
0000000000000000011d,253.78936000000007,Russia.Yamal.VaskinyDachi-2,"{""type"":""MultiPoint"",""coordinates"":[]}"
000000000000000000cc,250.35900199999963,Russia.Yamal.VaskinyDachi-1,"{""type"":""MultiPoint"",""coordinates"":[]}"
0000000000000000007e,2.9502539999999997,nonveg_1720,"{""type"":""MultiPoint"",""coordinates"":[]}"
0000000000000000009a,6.545417479999999,nonveg_1813,"{""type"":""MultiPoint"",""coordinates"":[]}"
000000000000000000b3,6.545417479999999,nonveg_1813,"{""type"":""MultiPoint"",""coordinates"":[]}"
00000000000000000130,6.545417479999999,nonveg_1813,"{""type"":""MultiPoint"",""coordinates"":[]}"
0000000000000000001e,0.8206593999999999,nonveg_1642,"{""type"":""MultiPoint"",""coordinates"":[]}"
000000000000000000d4,40.208675399999954,Russia.Tiksi.LichenTundra,"{""type"":""MultiPoint"",""coordinates"":[]}"
000000000000000000a6,19.296372119999994,Russia.Tiksi.BareSoil,"{""type"":""MultiPoint"",""coordinates"":[]}"
00000000000000000072,65.7419859999999,Russia.Tiksi.FloodMeadow,"{""type"":""MultiPoint"",""coordinates"":[]}"
000000000000000000cd,65.7419859999999,Russia.Tiksi.FloodMeadow,"{""type"":""MultiPoint"",""coordinates"":[]}"
00000000000000000057,80.58321999999995,Russia.Tiksi.ShrubTundra,"{""type"":""MultiPoint"",""coordinates"":[]}"
00000000000000000180,80.58321999999995,Russia.Tiksi.ShrubTundra,"{""type"":""MultiPoint"",""coordinates"":[]}"
00000000000000000061,6.419155680000002,nonveg_1626,"{""type"":""MultiPoint"",""coordinates"":[]}"
00000000000000000002,213.67236000000068,Russia.Kytalyk.T2,"{""type"":""MultiPoint"",""coordinates"":[]}"
00000000000000000073,213.67236000000068,Russia.Kytalyk.T2,"{""type"":""MultiPoint"",""coordinates"":[]}"
000000000000000000ee,213.67236000000068,Russia.Kytalyk.T2,"{""type"":""MultiPoint"",""coordinates"":[]}"
0000000000000000003c,122.79082999999966,Russia.Kytalyk.T3,"{""type"":""MultiPoint"",""coordinates"":[]}"
000000000000000000b0,122.79082999999966,Russia.Kytalyk.T3,"{""type"":""MultiPoint"",""coordinates"":[]}"
000000000000000000da,122.79082999999966,Russia.Kytalyk.T3,"{""type"":""MultiPoint"",""coordinates"":[]}"
000000000000000000e1,249.8769000000009,Russia.Kolyma.WT1,"{""type"":""MultiPoint"",""coordinates"":[]}"
00000000000000000126,249.8769000000009,Russia.Kolyma.WT1,"{""type"":""MultiPoint"",""coordinates"":[]}"
0000000000000000019d,249.8769000000009,Russia.Kolyma.WT1,"{""type"":""MultiPoint"",""coordinates"":[]}"
000000000000000000b6,240.44255020000062,Russia.Kolyma.OW1,"{""type"":""MultiPoint"",""coordinates"":[]}"
000000000000000000d5,143.83186600000005,Russia.Kolyma.T2,"{""type"":""MultiPoint"",""coordinates"":[]}"
00000000000000000187,1.4200760000000001,nonveg_700,"{""type"":""MultiPoint"",""coordinates"":[]}"
0000000000000000000f,0.6582,nonveg_1172,"{""type"":""MultiPoint"",""coordinates"":[]}"
00000000000000000052,4.486648079999999,nonveg_1442,"{""type"":""MultiPoint"",""coordinates"":[]}"
000000000000000001a9,4.486648079999999,nonveg_1442,"{""type"":""MultiPoint"",""coordinates"":[]}"
00000000000000000078,4.1572000000000005,nonveg_921,"{""type"":""MultiPoint"",""coordinates"":[]}"
0000000000000000000e,4.6228,nonveg_592,"{""type"":""MultiPoint"",""coordinates"":[]}"
00000000000000000022,4.6228,nonveg_592,"{""type"":""MultiPoint"",""coordinates"":[]}"
00000000000000000176,4.6228,nonveg_592,"{""type"":""MultiPoint"",""coordinates"":[]}"
000000000000000000d9,0.395,nonveg_1290,"{""type"":""MultiPoint"",""coordinates"":[]}"
0000000000000000013e,0.395,nonveg_1290,"{""type"":""MultiPoint"",""coordinates"":[]}"
00000000000000000158,0.395,nonveg_1290,"{""type"":""MultiPoint"",""coordinates"":[]}"
0000000000000000012d,9.724031999999998,nonveg_1241,"{""type"":""MultiPoint"",""coordinates"":[]}"
000000000000000001d9,107.18491240000002,Canada.KluaneLake.Ruby-MixedTundra,"{""type"":""MultiPoint"",""coordinates"":[]}"
000000000000000000ac,66.6758839999999,Canada.KluaneLake.Gladstone-MixedTundra,"{""type"":""MultiPoint"",""coordinates"":[]}"
00000000000000000146,66.6758839999999,Canada.KluaneLake.Gladstone-MixedTundra,"{""type"":""MultiPoint"",""coordinates"":[]}"
0000000000000000015a,1.19286,nonveg_915,"{""type"":""MultiPoint"",""coordinates"":[]}"
0000000000000000004b,1.3171364,nonveg_593,"{""type"":""MultiPoint"",""coordinates"":[]}"
00000000000000000034,3.9092583999999997,nonveg_725,"{""type"":""MultiPoint"",""coordinates"":[]}"
000000000000000000f2,0.424,nonveg_919,"{""type"":""MultiPoint"",""coordinates"":[]}"
00000000000000000111,0.424,nonveg_919,"{""type"":""MultiPoint"",""coordinates"":[]}"
00000000000000000094,1.1976,nonveg_941,"{""type"":""MultiPoint"",""coordinates"":[]}"
000000000000000000dc,1.1976,nonveg_941,"{""type"":""MultiPoint"",""coordinates"":[]}"
00000000000000000043,5.923827619999999,nonveg_706,"{""type"":""MultiPoint"",""coordinates"":[]}"
000000000000000001ce,5.923827619999999,nonveg_706,"{""type"":""MultiPoint"",""coordinates"":[]}"
00000000000000000038,0.27562400000000004,nonveg_761,"{""type"":""MultiPoint"",""coordinates"":[]}"
00000000000000000114,0.27562400000000004,nonveg_761,"{""type"":""MultiPoint"",""coordinates"":[]}"
00000000000000000068,0.0,nonveg_637,"{""type"":""MultiPoint"",""coordinates"":[]}"
00000000000000000085,0.0,nonveg_637,"{""type"":""MultiPoint"",""coordinates"":[]}"
00000000000000000185,0.0,nonveg_637,"{""type"":""MultiPoint"",""coordinates"":[]}"
00000000000000000186,0.0,nonveg_637,"{""type"":""MultiPoint"",""coordinates"":[]}"
000000000000000001d7,0.0,nonveg_637,"{""type"":""MultiPoint"",""coordinates"":[]}"
00000000000000000055,0.0,nonveg_677,"{""type"":""MultiPoint"",""coordinates"":[]}"
000000000000000000b4,0.0,nonveg_677,"{""type"":""MultiPoint"",""coordinates"":[]}"
00000000000000000177,0.11142,nonveg_954,"{""type"":""MultiPoint"",""coordinates"":[]}"
00000000000000000027,0.01008,nonveg_848,"{""type"":""MultiPoint"",""coordinates"":[]}"
0000000000000000005b,0.01008,nonveg_848,"{""type"":""MultiPoint"",""coordinates"":[]}"
000000000000000000e5,0.6582,nonveg_855,"{""type"":""MultiPoint"",""coordinates"":[]}"
000000000000000000f6,0.43407999999999997,nonveg_994,"{""type"":""MultiPoint"",""coordinates"":[]}"
000000000000000000fd,0.01008,nonveg_752,"{""type"":""MultiPoint"",""coordinates"":[]}"
000000000000000000d3,0.0,nonveg_869,"{""type"":""MultiPoint"",""coordinates"":[]}"
00000000000000000104,0.0,nonveg_869,"{""type"":""MultiPoint"",""coordinates"":[]}"
0000000000000000015e,0.0,nonveg_869,"{""type"":""MultiPoint"",""coordinates"":[]}"
000000000000000000c8,0.0,nonveg_1213,"{""type"":""MultiPoint"",""coordinates"":[]}"
000000000000000000c3,1.7963999999999998,nonveg_806,"{""type"":""MultiPoint"",""coordinates"":[]}"
00000000000000000076,8.635174800000001,nonveg_1477,"{""type"":""MultiPoint"",""coordinates"":[]}"
00000000000000000133,8.635174800000001,nonveg_1477,"{""type"":""MultiPoint"",""coordinates"":[]}"
00000000000000000096,0.01008,nonveg_578,"{""type"":""MultiPoint"",""coordinates"":[]}"
0000000000000000011c,0.01008,nonveg_578,"{""type"":""MultiPoint"",""coordinates"":[]}"
000000000000000001a2,1.5888,nonveg_935,"{""type"":""MultiPoint"",""coordinates"":[]}"
0000000000000000006e,0.0,nonveg_542,"{""type"":""MultiPoint"",""coordinates"":[]}"
0000000000000000009d,0.0,nonveg_542,"{""type"":""MultiPoint"",""coordinates"":[]}"
00000000000000000184,0.0,nonveg_542,"{""type"":""MultiPoint"",""coordinates"":[]}"
0000000000000000000b,0.33704,nonveg_1367,"{""type"":""MultiPoint"",""coordinates"":[]}"
000000000000000000a2,0.515,nonveg_1927,"{""type"":""MultiPoint"",""coordinates"":[]}"
000000000000000000c9,0.515,nonveg_1927,"{""type"":""MultiPoint"",""coordinates"":[]}"
00000000000000000093,0.82119622,nonveg_701,"{""type"":""MultiPoint"",""coordinates"":[]}"
000000000000000000ae,0.6771048000000001,nonveg_986,"{""type"":""MultiPoint"",""coordinates"":[]}"
000000000000000001b7,0.6771048000000001,nonveg_986,"{""type"":""MultiPoint"",""coordinates"":[]}"
00000000000000000168,0.424,nonveg_816,"{""type"":""MultiPoint"",""coordinates"":[]}"
000000000000000000ec,18.14993536,nonveg_991,"{""type"":""MultiPoint"",""coordinates"":[]}"
00000000000000000024,0.0,nonveg_870,"{""type"":""MultiPoint"",""coordinates"":[]}"
00000000000000000156,0.0,nonveg_870,"{""type"":""MultiPoint"",""coordinates"":[]}"
0000000000000000018d,0.0,nonveg_870,"{""type"":""MultiPoint"",""coordinates"":[]}"
00000000000000000059,0.72716,nonveg_814,"{""type"":""MultiPoint"",""coordinates"":[]}"
0000000000000000008b,0.72716,nonveg_814,"{""type"":""MultiPoint"",""coordinates"":[]}"
00000000000000000195,0.72716,nonveg_814,"{""type"":""MultiPoint"",""coordinates"":[]}"
0000000000000000000c,0.152,nonveg_682,"{""type"":""MultiPoint"",""coordinates"":[]}"
00000000000000000019,0.152,nonveg_682,"{""type"":""MultiPoint"",""coordinates"":[]}"
000000000000000000f1,0.152,nonveg_682,"{""type"":""MultiPoint"",""coordinates"":[]}"
000000000000000000ad,0.2994,nonveg_794,"{""type"":""MultiPoint"",""coordinates"":[]}"
00000000000000000000,1.424,nonveg_572,"{""type"":""MultiPoint"",""coordinates"":[]}"
00000000000000000169,1.424,nonveg_572,"{""type"":""MultiPoint"",""coordinates"":[]}"
0000000000000000018a,1.424,nonveg_572,"{""type"":""MultiPoint"",""coordinates"":[]}"
0000000000000000009c,9.39352,nonveg_681,"{""type"":""MultiPoint"",""coordinates"":[]}"
000000000000000000f9,2.1222,nonveg_606,"{""type"":""MultiPoint"",""coordinates"":[]}"
0000000000000000012f,2.1222,nonveg_606,"{""type"":""MultiPoint"",""coordinates"":[]}"
000000000000000000e6,0.0,nonveg_710,"{""type"":""MultiPoint"",""coordinates"":[]}"
000000000000000001ab,0.0,nonveg_710,"{""type"":""MultiPoint"",""coordinates"":[]}"
0000000000000000014e,0.26904,nonveg_666,"{""type"":""MultiPoint"",""coordinates"":[]}"
00000000000000000006,1.3007,nonveg_1268,"{""type"":""MultiPoint"",""coordinates"":[]}"
0000000000000000013f,1.3007,nonveg_1268,"{""type"":""MultiPoint"",""coordinates"":[]}"
000000000000000000eb,1.9622000000000002E-4,nonveg_849,"{""type"":""MultiPoint"",""coordinates"":[]}"
000000000000000001aa,1.9622000000000002E-4,nonveg_849,"{""type"":""MultiPoint"",""coordinates"":[]}"
00000000000000000188,0.5988,nonveg_874,"{""type"":""MultiPoint"",""coordinates"":[]}"
00000000000000000178,19.35294584000001,nonveg_923,"{""type"":""MultiPoint"",""coordinates"":[]}"
0000000000000000003e,7.36150346,nonveg_804,"{""type"":""MultiPoint"",""coordinates"":[]}"
000000000000000000d2,0.424,nonveg_871,"{""type"":""MultiPoint"",""coordinates"":[]}"
000000000000000001bc,0.424,nonveg_871,"{""type"":""MultiPoint"",""coordinates"":[]}"
00000000000000000098,0.1081124,nonveg_670,"{""type"":""MultiPoint"",""coordinates"":[]}"
000000000000000000c1,0.1081124,nonveg_670,"{""type"":""MultiPoint"",""coordinates"":[]}"
00000000000000000118,0.1081124,nonveg_670,"{""type"":""MultiPoint"",""coordinates"":[]}"
